{
  "sections": {
    "slideshow": {
      "type": "slideshow",
      "blocks": {
        "slide-0": {
          "type": "slide",
          "settings": {
            "heading": "Browse our latest products",
            "heading_size": "h1",
            "subheading": "",
            "button_label": "Shop all",
            "link": "shopify://collections/all",
            "button_style_secondary": false,
            "box_align": "middle-left",
            "show_text_box": true,
            "text_alignment": "left",
            "image_overlay_opacity": 10,
            "color_scheme": "scheme-2",
            "text_alignment_mobile": "left"
          }
        }
      },
      "block_order": [
        "slide-0"
      ],
      "settings": {
        "layout": "full_bleed",
        "slide_height": "adapt_image",
        "slider_visual": "counter",
        "auto_rotate": false,
        "change_slides_speed": 5,
        "image_behavior": "none",
        "show_text_below": true,
        "accessibility_info": "Slideshow about our brand"
      }
    },
    "featured-collection-0": {
      "type": "featured-collection",
      "settings": {
        "title": "Featured products",
        "heading_size": "h2",
        "description": "",
        "show_description": false,
        "description_style": "body",
        "collection": "all",
        "products_to_show": 4,
        "columns_desktop": 4,
        "full_width": false,
        "show_view_all": false,
        "view_all_style": "solid",
        "enable_desktop_slider": false,
        "color_scheme": "scheme-1",
        "image_ratio": "portrait",
        "image_shape": "default",
        "show_secondary_image": false,
        "show_vendor": false,
        "show_rating": false,
        "quick_add": "standard",
        "columns_mobile": "2",
        "swipe_on_mobile": false,
        "padding_top": 60,
        "padding_bottom": 60
      }
    }
  },
  "order": [
    "slideshow",
    "featured-collection-0"
  ]
}
